grid_key,sta_key,sta_pattern,in_zone,label_ok,ctr_ok,seed_at
st0-ln10_hist,"10,0",historical,FALSE,TRUE,TRUE,label
st20-ln10_hist,"10,20",historical,FALSE,TRUE,TRUE,label
st40-ln10_hist,"10,40",historical,FALSE,TRUE,TRUE,label
st60-ln10_hist,"10,60",historical,FALSE,TRUE,TRUE,label
st80-ln10_hist,"10,80",historical,FALSE,TRUE,TRUE,label
st100-ln10_hist,"10,100",historical,FALSE,TRUE,TRUE,label
st0-ln20_hist,"20,0",historical,FALSE,TRUE,TRUE,label
st20-ln20_hist,"20,20",historical,FALSE,TRUE,TRUE,label
st40-ln20_hist,"20,40",historical,FALSE,TRUE,TRUE,label
st60-ln20_hist,"20,60",historical,FALSE,TRUE,TRUE,label
st80-ln20_hist,"20,80",historical,FALSE,TRUE,TRUE,label
st100-ln20_hist,"20,100",historical,FALSE,TRUE,TRUE,label
st120-ln20_hist,"20,120",historical,FALSE,TRUE,TRUE,label
st0-ln30_hist,"30,0",historical,FALSE,FALSE,TRUE,centre
st20-ln30_hist,"30,20",historical,FALSE,TRUE,TRUE,label
st40-ln30_hist,"30,40",historical,FALSE,TRUE,TRUE,label
st60-ln30_hist,"30,60",historical,FALSE,TRUE,TRUE,label
st80-ln30_hist,"30,80",historical,FALSE,TRUE,TRUE,label
st100-ln30_hist,"30,100",historical,FALSE,TRUE,TRUE,label
st120-ln30_hist,"30,120",historical,FALSE,TRUE,TRUE,label
st140-ln30_hist,"30,140",historical,FALSE,TRUE,TRUE,label
st20-ln40_hist,"40,20",historical,FALSE,FALSE,TRUE,centre
st40-ln40_hist,"40,40",historical,FALSE,TRUE,TRUE,label
st60-ln40_hist,"40,60",historical,FALSE,TRUE,TRUE,label
st80-ln40_hist,"40,80",historical,FALSE,TRUE,TRUE,label
st100-ln40_hist,"40,100",historical,FALSE,TRUE,TRUE,label
st120-ln40_hist,"40,120",historical,FALSE,TRUE,TRUE,label
st140-ln40_hist,"40,140",historical,FALSE,TRUE,TRUE,label
st100-ln50_hist,"50,100",historical,FALSE,TRUE,TRUE,label
st120-ln50_hist,"50,120",historical,FALSE,TRUE,TRUE,label
st140-ln50_hist,"50,140",historical,FALSE,TRUE,TRUE,label
st140-ln60_hist,"60,140",historical,FALSE,TRUE,TRUE,label
st160-ln60_hist,"60,160",historical,FALSE,TRUE,TRUE,label
st180-ln60_hist,"60,180",historical,FALSE,TRUE,TRUE,label
st200-ln60_hist,"60,200",historical,FALSE,TRUE,TRUE,label
st140-ln70_hist,"70,140",historical,FALSE,TRUE,TRUE,label
st160-ln70_hist,"70,160",historical,FALSE,TRUE,TRUE,label
st180-ln70_hist,"70,180",historical,FALSE,TRUE,TRUE,label
st200-ln70_hist,"70,200",historical,FALSE,TRUE,TRUE,label
st140-ln80_hist,"80,140",historical,FALSE,TRUE,TRUE,label
st160-ln80_hist,"80,160",historical,FALSE,TRUE,TRUE,label
st180-ln80_hist,"80,180",historical,FALSE,TRUE,TRUE,label
st200-ln80_hist,"80,200",historical,FALSE,TRUE,TRUE,label
st120-ln90_hist,"90,120",historical,TRUE,TRUE,TRUE,retired
st140-ln90_hist,"90,140",historical,FALSE,TRUE,TRUE,label
st160-ln90_hist,"90,160",historical,FALSE,TRUE,TRUE,label
st180-ln90_hist,"90,180",historical,FALSE,TRUE,TRUE,label
st200-ln90_hist,"90,200",historical,FALSE,TRUE,TRUE,label
st20-ln100_hist,"100,20",historical,FALSE,FALSE,TRUE,centre
st40-ln100_hist,"100,40",historical,FALSE,TRUE,TRUE,label
st60-ln100_hist,"100,60",historical,FALSE,TRUE,TRUE,label
st80-ln100_hist,"100,80",historical,FALSE,TRUE,TRUE,label
st100-ln100_hist,"100,100",historical,FALSE,TRUE,TRUE,label
st120-ln100_hist,"100,120",historical,FALSE,TRUE,TRUE,label
st140-ln100_hist,"100,140",historical,FALSE,TRUE,TRUE,label
st160-ln100_hist,"100,160",historical,FALSE,TRUE,TRUE,label
st180-ln100_hist,"100,180",historical,FALSE,TRUE,TRUE,label
st200-ln100_hist,"100,200",historical,FALSE,TRUE,TRUE,label
st0-ln110_hist,"110,0",historical,FALSE,TRUE,TRUE,label
st20-ln110_hist,"110,20",historical,FALSE,FALSE,TRUE,centre
st40-ln110_hist,"110,40",historical,FALSE,TRUE,TRUE,label
st60-ln110_hist,"110,60",historical,FALSE,TRUE,TRUE,label
st80-ln110_hist,"110,80",historical,FALSE,TRUE,TRUE,label
st100-ln110_hist,"110,100",historical,FALSE,TRUE,TRUE,label
st120-ln110_hist,"110,120",historical,FALSE,TRUE,TRUE,label
st140-ln110_hist,"110,140",historical,FALSE,TRUE,TRUE,label
st160-ln110_hist,"110,160",historical,FALSE,TRUE,TRUE,label
st180-ln110_hist,"110,180",historical,FALSE,TRUE,TRUE,label
st0-ln120_hist,"120,0",historical,FALSE,TRUE,TRUE,label
st20-ln120_hist,"120,20",historical,FALSE,FALSE,TRUE,centre
st40-ln120_hist,"120,40",historical,FALSE,TRUE,TRUE,label
st60-ln120_hist,"120,60",historical,FALSE,TRUE,TRUE,label
st80-ln120_hist,"120,80",historical,FALSE,TRUE,TRUE,label
st100-ln120_hist,"120,100",historical,FALSE,TRUE,TRUE,label
st120-ln120_hist,"120,120",historical,FALSE,TRUE,TRUE,label
st140-ln120_hist,"120,140",historical,FALSE,TRUE,TRUE,label
st160-ln120_hist,"120,160",historical,FALSE,TRUE,TRUE,label
st-20-ln130_hist,"130,-20",historical,FALSE,FALSE,FALSE,water
st0-ln130_hist,"130,0",historical,FALSE,TRUE,TRUE,label
st20-ln130_hist,"130,20",historical,FALSE,FALSE,TRUE,centre
st40-ln130_hist,"130,40",historical,FALSE,TRUE,TRUE,label
st60-ln130_hist,"130,60",historical,FALSE,TRUE,TRUE,label
st80-ln130_hist,"130,80",historical,FALSE,TRUE,TRUE,label
st100-ln130_hist,"130,100",historical,FALSE,TRUE,TRUE,label
st120-ln130_hist,"130,120",historical,FALSE,TRUE,TRUE,label
st140-ln130_hist,"130,140",historical,FALSE,TRUE,TRUE,label
st-20-ln140_hist,"140,-20",historical,FALSE,TRUE,TRUE,label
st0-ln140_hist,"140,0",historical,FALSE,TRUE,TRUE,label
st20-ln140_hist,"140,20",historical,FALSE,FALSE,FALSE,water
st40-ln140_hist,"140,40",historical,FALSE,TRUE,TRUE,label
st60-ln140_hist,"140,60",historical,FALSE,TRUE,TRUE,label
st80-ln140_hist,"140,80",historical,FALSE,TRUE,TRUE,label
st100-ln140_hist,"140,100",historical,FALSE,TRUE,TRUE,label
st120-ln140_hist,"140,120",historical,FALSE,TRUE,TRUE,label
st-20-ln150_hist,"150,-20",historical,FALSE,TRUE,TRUE,label
st0-ln150_hist,"150,0",historical,FALSE,TRUE,TRUE,label
st20-ln150_hist,"150,20",historical,FALSE,TRUE,TRUE,label
st40-ln150_hist,"150,40",historical,FALSE,TRUE,TRUE,label
st60-ln150_hist,"150,60",historical,FALSE,TRUE,TRUE,label
st80-ln150_hist,"150,80",historical,FALSE,TRUE,TRUE,label
st100-ln150_hist,"150,100",historical,FALSE,TRUE,TRUE,label
st-40-ln160_hist,"160,-40",historical,FALSE,FALSE,TRUE,centre
st-20-ln160_hist,"160,-20",historical,FALSE,TRUE,TRUE,label
st0-ln160_hist,"160,0",historical,FALSE,TRUE,TRUE,label
st20-ln160_hist,"160,20",historical,FALSE,TRUE,TRUE,label
st40-ln160_hist,"160,40",historical,FALSE,TRUE,TRUE,label
st60-ln160_hist,"160,60",historical,FALSE,TRUE,TRUE,label
st80-ln160_hist,"160,80",historical,FALSE,TRUE,TRUE,label
st70-ln60,"60,70",extended,TRUE,TRUE,TRUE,retired
st80-ln60,"60,80",extended,TRUE,TRUE,TRUE,retired
st90-ln60,"60,90",extended,TRUE,TRUE,TRUE,retired
st70-ln63.3,"63.3,70",extended,TRUE,TRUE,TRUE,retired
st100-ln60,"60,100",extended,TRUE,TRUE,TRUE,retired
st80-ln63.3,"63.3,80",extended,TRUE,TRUE,TRUE,retired
st90-ln63.3,"63.3,90",extended,TRUE,TRUE,TRUE,retired
st70-ln66.7,"66.7,70",extended,TRUE,TRUE,TRUE,retired
st100-ln63.3,"63.3,100",extended,TRUE,TRUE,TRUE,retired
st80-ln66.7,"66.7,80",extended,TRUE,TRUE,TRUE,retired
st90-ln66.7,"66.7,90",extended,TRUE,TRUE,TRUE,retired
st70-ln70,"70,70",extended,TRUE,TRUE,TRUE,retired
st100-ln66.7,"66.7,100",extended,TRUE,TRUE,TRUE,retired
st80-ln70,"70,80",extended,TRUE,TRUE,TRUE,retired
st90-ln70,"70,90",extended,TRUE,TRUE,TRUE,retired
st70-ln73.3,"73.3,70",extended,TRUE,TRUE,TRUE,retired
st100-ln70,"70,100",extended,TRUE,TRUE,TRUE,retired
st80-ln73.3,"73.3,80",extended,TRUE,TRUE,TRUE,retired
st90-ln73.3,"73.3,90",extended,TRUE,TRUE,TRUE,retired
st70-ln76.7,"76.7,70",standard,TRUE,TRUE,TRUE,retired
st100-ln73.3,"73.3,100",extended,TRUE,TRUE,TRUE,retired
st80-ln76.7,"76.7,80",standard,TRUE,TRUE,TRUE,retired
st90-ln76.7,"76.7,90",standard,TRUE,TRUE,TRUE,retired
st70-ln80,"80,70",standard,TRUE,TRUE,TRUE,retired
st100-ln76.7,"76.7,100",standard,TRUE,TRUE,TRUE,retired
st80-ln80,"80,80",standard,TRUE,TRUE,TRUE,retired
st90-ln80,"80,90",standard,TRUE,TRUE,TRUE,retired
st70-ln83.3,"83.3,70",standard,TRUE,TRUE,TRUE,retired
st100-ln80,"80,100",standard,TRUE,TRUE,TRUE,retired
st80-ln83.3,"83.3,80",standard,TRUE,TRUE,TRUE,retired
st90-ln83.3,"83.3,90",standard,TRUE,TRUE,TRUE,retired
st70-ln86.7,"86.7,70",standard,TRUE,TRUE,TRUE,retired
st100-ln83.3,"83.3,100",standard,TRUE,TRUE,TRUE,retired
st80-ln86.7,"86.7,80",standard,TRUE,TRUE,TRUE,retired
st110-ln83.3,"83.3,110",standard,TRUE,TRUE,TRUE,retired
st90-ln86.7,"86.7,90",standard,TRUE,TRUE,TRUE,retired
st70-ln90,"90,70",standard,TRUE,TRUE,TRUE,retired
st100-ln86.7,"86.7,100",standard,TRUE,TRUE,TRUE,retired
st80-ln90,"90,80",standard,TRUE,TRUE,TRUE,retired
st110-ln86.7,"86.7,110",standard,TRUE,TRUE,TRUE,retired
st90-ln90,"90,90",standard,TRUE,TRUE,TRUE,retired
st70-ln93.3,"93.3,70",standard,TRUE,TRUE,TRUE,retired
st100-ln90,"90,100",standard,TRUE,TRUE,TRUE,retired
st80-ln93.3,"93.3,80",standard,TRUE,TRUE,TRUE,retired
st110-ln90,"90,110",standard,TRUE,TRUE,TRUE,retired
st90-ln93.3,"93.3,90",standard,TRUE,TRUE,TRUE,retired
st120-ln90,"90,120",standard,TRUE,TRUE,TRUE,retired
st100-ln93.3,"93.3,100",standard,TRUE,TRUE,TRUE,retired
st110-ln93.3,"93.3,110",standard,TRUE,TRUE,TRUE,retired
st120-ln93.3,"93.3,120",standard,TRUE,TRUE,TRUE,retired
st60-ln60,"60,60",extended,TRUE,TRUE,TRUE,retired
st45-ln60,"60,45",extended,FALSE,FALSE,TRUE,centre
st50-ln60,"60,50",extended,TRUE,TRUE,TRUE,retired
st55-ln60,"60,55",extended,TRUE,TRUE,TRUE,retired
st50-ln63.3,"63.3,50",extended,TRUE,TRUE,TRUE,retired
st55-ln63.3,"63.3,55",extended,TRUE,TRUE,TRUE,retired
st60-ln63.3,"63.3,60",extended,TRUE,TRUE,TRUE,retired
st45-ln66.7,"66.7,45",extended,TRUE,FALSE,TRUE,retired
st50-ln66.7,"66.7,50",extended,TRUE,TRUE,TRUE,retired
st55-ln66.7,"66.7,55",extended,TRUE,TRUE,TRUE,retired
st60-ln66.7,"66.7,60",extended,TRUE,TRUE,TRUE,retired
st50-ln70,"70,50",extended,TRUE,FALSE,TRUE,retired
st55-ln70,"70,55",extended,TRUE,TRUE,TRUE,retired
st60-ln70,"70,60",extended,TRUE,TRUE,TRUE,retired
st50-ln73.3,"73.3,50",extended,TRUE,TRUE,TRUE,retired
st55-ln73.3,"73.3,55",extended,TRUE,TRUE,TRUE,retired
st60-ln73.3,"73.3,60",extended,TRUE,TRUE,TRUE,retired
st45-ln76.7,"76.7,45",standard,TRUE,FALSE,TRUE,retired
st50-ln76.7,"76.7,50",standard,TRUE,TRUE,TRUE,retired
st55-ln76.7,"76.7,55",standard,TRUE,TRUE,TRUE,retired
st60-ln76.7,"76.7,60",standard,TRUE,TRUE,TRUE,retired
st45-ln80,"80,45",standard,TRUE,FALSE,TRUE,retired
st50-ln80,"80,50",standard,TRUE,FALSE,TRUE,retired
st55-ln80,"80,55",standard,TRUE,TRUE,TRUE,retired
st35-ln83.3,"83.3,35",standard,TRUE,FALSE,TRUE,retired
st60-ln80,"80,60",standard,TRUE,TRUE,TRUE,retired
st40-ln83.3,"83.3,40",standard,TRUE,TRUE,TRUE,retired
st45-ln83.3,"83.3,45",standard,TRUE,TRUE,TRUE,retired
st50-ln83.3,"83.3,50",standard,TRUE,TRUE,TRUE,retired
st30-ln86.7,"86.7,30",standard,TRUE,FALSE,TRUE,retired
st55-ln83.3,"83.3,55",standard,TRUE,TRUE,TRUE,retired
st35-ln86.7,"86.7,35",standard,TRUE,TRUE,TRUE,retired
st60-ln83.3,"83.3,60",standard,TRUE,TRUE,TRUE,retired
st40-ln86.7,"86.7,40",standard,TRUE,TRUE,TRUE,retired
st45-ln86.7,"86.7,45",standard,TRUE,TRUE,TRUE,retired
st25-ln90,"90,25",standard,TRUE,FALSE,TRUE,retired
st50-ln86.7,"86.7,50",standard,TRUE,TRUE,TRUE,retired
st30-ln90,"90,30",standard,TRUE,TRUE,TRUE,retired
st55-ln86.7,"86.7,55",standard,TRUE,TRUE,TRUE,retired
st35-ln90,"90,35",standard,TRUE,TRUE,TRUE,retired
st60-ln86.7,"86.7,60",standard,TRUE,TRUE,TRUE,retired
st40-ln90,"90,40",standard,TRUE,TRUE,TRUE,retired
st45-ln90,"90,45",standard,TRUE,TRUE,TRUE,retired
st25-ln93.3,"93.3,25",standard,TRUE,FALSE,TRUE,retired
st50-ln90,"90,50",standard,TRUE,TRUE,TRUE,retired
st30-ln93.3,"93.3,30",standard,TRUE,TRUE,TRUE,retired
st55-ln90,"90,55",standard,TRUE,TRUE,TRUE,retired
st35-ln93.3,"93.3,35",standard,TRUE,TRUE,TRUE,retired
st60-ln90,"90,60",standard,TRUE,TRUE,TRUE,retired
st40-ln93.3,"93.3,40",standard,TRUE,TRUE,TRUE,retired
st45-ln93.3,"93.3,45",standard,TRUE,TRUE,TRUE,retired
st50-ln93.3,"93.3,50",standard,TRUE,TRUE,TRUE,retired
st55-ln93.3,"93.3,55",standard,TRUE,TRUE,TRUE,retired
st60-ln93.3,"93.3,60",standard,TRUE,TRUE,TRUE,retired
st110-ln60_hist,"60,110",historical,FALSE,TRUE,TRUE,label
st110-ln70_hist,"70,110",historical,TRUE,TRUE,TRUE,retired
st110-ln80_hist,"80,110",historical,TRUE,TRUE,TRUE,retired
st80-ln55_hist,"55,80",historical,FALSE,TRUE,TRUE,label
st60-ln55_hist,"55,60",historical,FALSE,TRUE,TRUE,label
st40-ln55_hist,"55,40",historical,FALSE,FALSE,TRUE,centre
