station_key,order_occ,line,station,latitude,longitude,depth_est_m,sta_type,navy_lat,navy_lon,navy_ops_area,in_75,in_113,source
093.3 026.7,1,93.3,26.7,32.95637,-117.30538,63,ROS,,,,TRUE,TRUE,https://calcofi.org/sampling-info/station-positions/
093.4 026.4,2,93.4,26.4,32.94905,-117.27357,20,SCCOOS,,,,TRUE,TRUE,https://calcofi.org/sampling-info/station-positions/
091.7 026.4,3,91.7,26.4,33.2435,-117.46542,20,SCCOOS,,,,TRUE,TRUE,https://calcofi.org/sampling-info/station-positions/
093.3 028.0,4,93.3,28,32.91304,-117.39438,609,ROS,,,,TRUE,TRUE,https://calcofi.org/sampling-info/station-positions/
093.3 030.0,5,93.3,30,32.84637,-117.53122,846,ROS,,,,TRUE,TRUE,https://calcofi.org/sampling-info/station-positions/
093.3 035.0,6,93.3,35,32.67971,-117.87286,616,ROS,,,,TRUE,TRUE,https://calcofi.org/sampling-info/station-positions/
093.3 040.0,7,93.3,40,32.51304,-118.21386,1627,ROS,,,,TRUE,TRUE,https://calcofi.org/sampling-info/station-positions/
093.3 045.0,8,93.3,45,32.34637,-118.55423,1376,ROS,,,,TRUE,TRUE,https://calcofi.org/sampling-info/station-positions/
093.3 050.0,9,93.3,50,32.17971,-118.89396,1452,ROS,,,,TRUE,TRUE,https://calcofi.org/sampling-info/station-positions/
093.3 055.0,10,93.3,55,32.01304,-119.23306,1588,ROS,,,,TRUE,TRUE,https://calcofi.org/sampling-info/station-positions/
093.3 060.0,11,93.3,60,31.84637,-119.57154,1899,ROS,,,,TRUE,TRUE,https://calcofi.org/sampling-info/station-positions/
093.3 070.0,12,93.3,70,31.51304,-120.24666,3931,ROS,,,,TRUE,TRUE,https://calcofi.org/sampling-info/station-positions/
093.3 080.0,13,93.3,80,31.17971,-120.91935,3848,ROS,,,,TRUE,TRUE,https://calcofi.org/sampling-info/station-positions/
093.3 090.0,14,93.3,90,30.84637,-121.58965,4109,ROS,,,,TRUE,TRUE,https://calcofi.org/sampling-info/station-positions/
093.3 100.0,15,93.3,100,30.51304,-122.2576,4132,ROS,,,,TRUE,TRUE,https://calcofi.org/sampling-info/station-positions/
093.3 110.0,16,93.3,110,30.17971,-122.92324,3868,ROS,,,,TRUE,TRUE,https://calcofi.org/sampling-info/station-positions/
093.3 120.0,17,93.3,120,29.84637,-123.58661,4061,ROS,,,,TRUE,TRUE,https://calcofi.org/sampling-info/station-positions/
090.0 120.0,18,90,120,30.41795,-123.99893,4141,ROS,,,,TRUE,TRUE,https://calcofi.org/sampling-info/station-positions/
090.0 110.0,19,90,110,30.75128,-123.33164,4017,ROS,,,,TRUE,TRUE,https://calcofi.org/sampling-info/station-positions/
090.0 100.0,20,90,100,31.08462,-122.66202,3997,ROS,,,,TRUE,TRUE,https://calcofi.org/sampling-info/station-positions/
090.0 090.0,21,90,90,31.41795,-121.99001,3879,ROS,,,,TRUE,TRUE,https://calcofi.org/sampling-info/station-positions/
090.0 080.0,22,90,80,31.75128,-121.31559,3694,ROS,31.75128,-121.31559,C1177,TRUE,TRUE,https://calcofi.org/sampling-info/station-positions/
090.0 070.0,23,90,70,32.08462,-120.63872,3806,ROS,32.08462,-120.63872,C1177,TRUE,TRUE,https://calcofi.org/sampling-info/station-positions/
090.0 060.0,24,90,60,32.41795,-119.95935,880,ROS,32.41795,-119.95935,C1177,TRUE,TRUE,https://calcofi.org/sampling-info/station-positions/
090.0 053.0,25,90,53,32.65128,-119.48228,1309,ROS,32.65128,-119.48228,C1177,TRUE,TRUE,https://calcofi.org/sampling-info/station-positions/
090.0 045.0,26,90,45,32.91795,-118.93551,1695,ROS,32.91795,-118.93551,C1177; SOAR; San Clemente Is.,TRUE,TRUE,https://calcofi.org/sampling-info/station-positions/
090.0 037.0,27,90,37,33.18462,-118.38708,1177,ROS,,,,TRUE,TRUE,https://calcofi.org/sampling-info/station-positions/
090.0 035.0,28,90,35,33.25128,-118.24971,344,ROS,,,,TRUE,TRUE,https://calcofi.org/sampling-info/station-positions/
090.0 030.0,29,90,30,33.41795,-117.90582,613,ROS,,,,TRUE,TRUE,https://calcofi.org/sampling-info/station-positions/
090.0 028.0,30,90,28,33.48462,-117.76808,63,ROS,,,,TRUE,TRUE,https://calcofi.org/sampling-info/station-positions/
090.0 027.7,31,90,27.7,33.49462,-117.74741,20,SCCOOS,,,,TRUE,TRUE,https://calcofi.org/sampling-info/station-positions/
088.5 030.1,32,88.5,30.1,33.67442,-118.08369,20,SCCOOS,,,,TRUE,TRUE,https://calcofi.org/sampling-info/station-positions/
086.8 032.5,33,86.8,32.5,33.88887,-118.44423,20,SCCOOS,,,,TRUE,TRUE,https://calcofi.org/sampling-info/station-positions/
086.7 033.0,34,86.7,33,33.88953,-118.49033,57,ROS,,,,TRUE,TRUE,https://calcofi.org/sampling-info/station-positions/
086.7 035.0,35,86.7,35,33.82286,-118.62873,662,ROS,,,,TRUE,TRUE,https://calcofi.org/sampling-info/station-positions/
085.4 035.8,36,85.4,35.8,34.02136,-118.83413,20,SCCOOS,,,,TRUE,TRUE,https://calcofi.org/sampling-info/station-positions/
086.7 040.0,37,86.7,40,33.65619,-118.97425,737,ROS,,,,TRUE,TRUE,https://calcofi.org/sampling-info/station-positions/
086.7 045.0,38,86.7,45,33.48953,-119.3191,1644,ROS,33.48953,-119.3191,W289S-3B,TRUE,TRUE,https://calcofi.org/sampling-info/station-positions/
086.7 050.0,39,86.7,50,33.32286,-119.66327,78,ROS,33.32286,-119.66327,"W289S-4A, M3, R-2535A; San Nicolas Is.",TRUE,TRUE,https://calcofi.org/sampling-info/station-positions/
086.7 055.0,40,86.7,55,33.15619,-120.00678,1201,ROS,33.15619,-120.00678,W289S-4A,TRUE,TRUE,https://calcofi.org/sampling-info/station-positions/
086.7 060.0,41,86.7,60,32.98953,-120.34964,722,ROS,32.98953,-120.34964,W289S-5A,TRUE,TRUE,https://calcofi.org/sampling-info/station-positions/
086.7 070.0,42,86.7,70,32.65619,-121.03339,3771,ROS,32.65619,-121.03339,W289S-6A,TRUE,TRUE,https://calcofi.org/sampling-info/station-positions/
086.7 080.0,43,86.7,80,32.32286,-121.71457,4041,ROS,32.32286,-121.71457,W289S-7A,TRUE,TRUE,https://calcofi.org/sampling-info/station-positions/
086.7 090.0,44,86.7,90,31.98953,-122.39323,4099,ROS,,,,TRUE,TRUE,https://calcofi.org/sampling-info/station-positions/
086.7 100.0,45,86.7,100,31.65619,-123.0694,4147,ROS,,,,TRUE,TRUE,https://calcofi.org/sampling-info/station-positions/
086.7 110.0,46,86.7,110,31.32286,-123.74313,3951,ROS,,,,TRUE,TRUE,https://calcofi.org/sampling-info/station-positions/
083.3 110.0,47,83.3,110,31.91176,-124.1704,4163,ROS,,,,TRUE,TRUE,https://calcofi.org/sampling-info/station-positions/
083.3 100.0,48,83.3,100,32.24509,-123.49232,4145,ROS,,,,TRUE,TRUE,https://calcofi.org/sampling-info/station-positions/
083.3 090.0,49,83.3,90,32.57842,-122.81173,4247,ROS,,,,TRUE,TRUE,https://calcofi.org/sampling-info/station-positions/
083.3 080.0,50,83.3,80,32.91176,-122.12858,4180,ROS,32.91176,-122.12858,W289S-7B,TRUE,TRUE,https://calcofi.org/sampling-info/station-positions/
083.3 070.0,51,83.3,70,33.24509,-121.44283,3797,ROS,33.24509,-121.44283,W289S-6B,TRUE,TRUE,https://calcofi.org/sampling-info/station-positions/
083.3 060.0,52,83.3,60,33.57842,-120.75443,1397,ROS,33.57842,-120.75443,W289S-5B,TRUE,TRUE,https://calcofi.org/sampling-info/station-positions/
083.3 055.0,53,83.3,55,33.74509,-120.40923,999,ROS,33.74509,-120.40923,W289S-4B,TRUE,TRUE,https://calcofi.org/sampling-info/station-positions/
083.3 051.0,54,83.3,51,33.87842,-120.13258,102,ROS,33.87842,-120.13258,"W289S-4B, BEFIN",TRUE,TRUE,https://calcofi.org/sampling-info/station-positions/
083.3 042.0,55,83.3,42,34.17842,-119.50851,134,ROS,,,,TRUE,TRUE,https://calcofi.org/sampling-info/station-positions/
083.3 040.6,56,83.3,40.6,34.22509,-119.41124,34,ROS,,,,TRUE,TRUE,https://calcofi.org/sampling-info/station-positions/
083.3 039.4,57,83.3,39.4,34.26509,-119.32781,20,SCCOOS,,,,TRUE,TRUE,https://calcofi.org/sampling-info/station-positions/
081.7 043.5,58,81.7,43.5,34.40555,-119.80037,20,SCCOOS,,,,TRUE,TRUE,https://calcofi.org/sampling-info/station-positions/
081.8 046.9,59,81.8,46.9,34.2749,-120.02524,578,ROS,,,,TRUE,TRUE,https://calcofi.org/sampling-info/station-positions/
080.0 050.5,60,80,50.5,34.46667,-120.48906,20,SCCOOS,,,,TRUE,TRUE,https://calcofi.org/sampling-info/station-positions/
080.0 051.0,61,80,51,34.45,-120.5239,73,ROS,34.45,-120.5239,W532S-M2,TRUE,TRUE,https://calcofi.org/sampling-info/station-positions/
080.0 055.0,62,80,55,34.31667,-120.80245,780,ROS,34.31667,-120.80245,W532S-M2,TRUE,TRUE,https://calcofi.org/sampling-info/station-positions/
080.0 060.0,63,80,60,34.15,-121.15,2204,ROS,34.15,-121.15,"W537, C1176",TRUE,TRUE,https://calcofi.org/sampling-info/station-positions/
080.0 070.0,64,80,70,33.81667,-121.84304,3631,ROS,33.81667,-121.84304,"W537, C1176",TRUE,TRUE,https://calcofi.org/sampling-info/station-positions/
080.0 080.0,65,80,80,33.48333,-122.53335,4007,ROS,33.48333,-122.53335,"W537, C1176",TRUE,TRUE,https://calcofi.org/sampling-info/station-positions/
080.0 090.0,66,80,90,33.15,-123.22099,4229,ROS,,,,TRUE,TRUE,https://calcofi.org/sampling-info/station-positions/
080.0 100.0,67,80,100,32.81667,-123.90599,4348,ROS,,,,TRUE,TRUE,https://calcofi.org/sampling-info/station-positions/
076.7 100.0,68,76.7,100,33.38824,-124.32289,4551,ROS,,,,TRUE,TRUE,https://calcofi.org/sampling-info/station-positions/
076.7 090.0,69,76.7,90,33.72158,-123.63335,4201,ROS,,,,TRUE,TRUE,https://calcofi.org/sampling-info/station-positions/
076.7 080.0,70,76.7,80,34.05491,-122.94109,4235,ROS,,,,TRUE,TRUE,https://calcofi.org/sampling-info/station-positions/
076.7 070.0,71,76.7,70,34.38824,-122.24608,4017,ROS,34.38824,-122.24608,W532S-6C/7C,TRUE,TRUE,https://calcofi.org/sampling-info/station-positions/
076.7 060.0,72,76.7,60,34.72158,-121.54828,930,ROS,34.72158,-121.54828,W532S-5C,TRUE,TRUE,https://calcofi.org/sampling-info/station-positions/
076.7 055.0,73,76.7,55,34.88824,-121.19831,562,ROS,34.88824,-121.19831,W532S-5C/M1,TRUE,TRUE,https://calcofi.org/sampling-info/station-positions/
076.7 051.0,74,76.7,51,35.02158,-120.91782,240,ROS,35.02158,-120.91782,W532S-M1,TRUE,TRUE,https://calcofi.org/sampling-info/station-positions/
076.7 049.0,75,76.7,49,35.08824,-120.7774,69,ROS,,,,TRUE,TRUE,https://calcofi.org/sampling-info/station-positions/
073.3 050.0,76,73.3,50,35.64381,-121.25575,30,ROS,,,,FALSE,TRUE,https://calcofi.org/sampling-info/station-positions/
073.3 055.0,77,73.3,55,35.47714,-121.60901,1003,ROS,,,,FALSE,TRUE,https://calcofi.org/sampling-info/station-positions/
073.3 060.0,78,73.3,60,35.31047,-121.96154,2380,ROS,,,,FALSE,TRUE,https://calcofi.org/sampling-info/station-positions/
073.3 070.0,79,73.3,70,34.97714,-122.6644,4072,ROS,,,,FALSE,TRUE,https://calcofi.org/sampling-info/station-positions/
073.3 080.0,80,73.3,80,34.64381,-123.36439,4164,ROS,,,,FALSE,TRUE,https://calcofi.org/sampling-info/station-positions/
073.3 090.0,81,73.3,90,34.31047,-124.06154,3186,ROS,,,,FALSE,TRUE,https://calcofi.org/sampling-info/station-positions/
073.3 100.0,82,73.3,100,33.97714,-124.7559,,ROS,,,,FALSE,TRUE,https://calcofi.org/sampling-info/station-positions/
070.0 100.0,83,70,100,34.54872,-125.17964,,ROS,,,,FALSE,TRUE,https://calcofi.org/sampling-info/station-positions/
070.0 090.0,84,70,90,34.88205,-124.48047,4336,ROS,,,,FALSE,TRUE,https://calcofi.org/sampling-info/station-positions/
070.0 080.0,85,70,80,35.21538,-123.77843,4078,ROS,,,,FALSE,TRUE,https://calcofi.org/sampling-info/station-positions/
070.0 070.0,86,70,70,35.54872,-123.07348,3845,ROS,,,,FALSE,TRUE,https://calcofi.org/sampling-info/station-positions/
070.0 060.0,87,70,60,35.88205,-122.36556,3071,ROS,,,,FALSE,TRUE,https://calcofi.org/sampling-info/station-positions/
070.0 055.0,88,70,55,36.04872,-122.01048,1304,ROS,,,,FALSE,TRUE,https://calcofi.org/sampling-info/station-positions/
070.0 051.0,89,70,51,36.18205,-121.72586,420,ROS,,,,FALSE,TRUE,https://calcofi.org/sampling-info/station-positions/
066.7 050.0,90,66.7,50,36.78696,-122.05633,1006,ROS,,,,FALSE,TRUE,https://calcofi.org/sampling-info/station-positions/
066.7 055.0,91,66.7,55,36.62029,-122.41482,2613,ROS,,,,FALSE,TRUE,https://calcofi.org/sampling-info/station-positions/
066.7 060.0,92,66.7,60,36.45363,-122.77254,2954,ROS,,,,FALSE,TRUE,https://calcofi.org/sampling-info/station-positions/
066.7 065.0,93,66.7,65,36.28696,-123.12948,3273,ROS,,,,FALSE,TRUE,https://calcofi.org/sampling-info/station-positions/
066.7 070.0,94,66.7,70,36.12029,-123.48565,3581,ROS,,,,FALSE,TRUE,https://calcofi.org/sampling-info/station-positions/
066.7 075.0,95,66.7,75,35.95363,-123.84106,3885,ROS,,,,FALSE,TRUE,https://calcofi.org/sampling-info/station-positions/
066.7 080.0,96,66.7,80,35.78696,-124.19571,3964,ROS,,,,FALSE,TRUE,https://calcofi.org/sampling-info/station-positions/
066.7 085.0,97,66.7,85,35.62029,-124.54962,,ROS,,,,FALSE,TRUE,https://calcofi.org/sampling-info/station-positions/
066.7 090.0,98,66.7,90,35.45363,-124.90278,4437,ROS,,,,FALSE,TRUE,https://calcofi.org/sampling-info/station-positions/
066.7 095.0,99,66.7,95,35.28696,-125.2552,,ROS,,,,FALSE,TRUE,https://calcofi.org/sampling-info/station-positions/
066.7 100.0,100,66.7,100,35.12029,-125.60689,,ROS,,,,FALSE,TRUE,https://calcofi.org/sampling-info/station-positions/
063.3 100.0,101,63.3,100,35.70919,-126.05088,,ROS,,,,FALSE,TRUE,https://calcofi.org/sampling-info/station-positions/
063.3 090.0,102,63.3,90,36.04252,-125.34152,4224,ROS,,,,FALSE,TRUE,https://calcofi.org/sampling-info/station-positions/
063.3 080.0,103,63.3,80,36.37586,-124.62912,4153,ROS,,,,FALSE,TRUE,https://calcofi.org/sampling-info/station-positions/
063.3 070.0,104,63.3,70,36.70919,-123.91364,3890,ROS,,,,FALSE,TRUE,https://calcofi.org/sampling-info/station-positions/
063.3 060.0,105,63.3,60,37.04252,-123.19502,2566,ROS,,,,FALSE,TRUE,https://calcofi.org/sampling-info/station-positions/
063.3 055.0,106,63.3,55,37.20919,-122.83452,301,ROS,,,,FALSE,TRUE,https://calcofi.org/sampling-info/station-positions/
063.3 052.0,107,63.3,52,37.30919,-122.61783,89,ROS,,,,FALSE,TRUE,https://calcofi.org/sampling-info/station-positions/
060.0 053.0,108,60,53,37.84743,-123.09942,87,ROS,,,,FALSE,TRUE,https://calcofi.org/sampling-info/station-positions/
060.0 060.0,109,60,60,37.6141,-123.60825,3298,ROS,,,,FALSE,TRUE,https://calcofi.org/sampling-info/station-positions/
060.0 070.0,110,60,70,37.28077,-124.33237,3999,ROS,,,,FALSE,TRUE,https://calcofi.org/sampling-info/station-positions/
060.0 080.0,111,60,80,36.94743,-125.05327,4339,ROS,,,,FALSE,TRUE,https://calcofi.org/sampling-info/station-positions/
060.0 090.0,112,60,90,36.6141,-125.77099,4516,ROS,,,,FALSE,TRUE,https://calcofi.org/sampling-info/station-positions/
060.0 100.0,113,60,100,36.28077,-126.48559,,ROS,,,,FALSE,TRUE,https://calcofi.org/sampling-info/station-positions/
